file,length,seed
signal_0000.csv,4096,2026
signal_0001.csv,4096,2027
signal_0002.csv,4096,2028
signal_0003.csv,4096,2029
signal_0004.csv,4096,2030
signal_0005.csv,4096,2031
signal_0006.csv,4096,2032
signal_0007.csv,4096,2033
signal_0008.csv,4096,2034
signal_0009.csv,4096,2035
signal_0010.csv,4096,2036
signal_0011.csv,4096,2037
signal_0012.csv,4096,2038
signal_0013.csv,4096,2039
signal_0014.csv,4096,2040
signal_0015.csv,4096,2041
signal_0016.csv,4096,2042
signal_0017.csv,4096,2043
signal_0018.csv,4096,2044
signal_0019.csv,4096,2045
signal_0020.csv,4096,2046
signal_0021.csv,4096,2047
signal_0022.csv,4096,2048
signal_0023.csv,4096,2049
signal_0024.csv,4096,2050
signal_0025.csv,4096,2051
signal_0026.csv,4096,2052
signal_0027.csv,4096,2053
signal_0028.csv,4096,2054
signal_0029.csv,4096,2055
signal_0030.csv,4096,2056
signal_0031.csv,4096,2057
signal_0032.csv,4096,2058
signal_0033.csv,4096,2059
signal_0034.csv,4096,2060
signal_0035.csv,4096,2061
signal_0036.csv,4096,2062
signal_0037.csv,4096,2063
signal_0038.csv,4096,2064
signal_0039.csv,4096,2065
signal_0040.csv,4096,2066
signal_0041.csv,4096,2067
signal_0042.csv,4096,2068
signal_0043.csv,4096,2069
signal_0044.csv,4096,2070
signal_0045.csv,4096,2071
signal_0046.csv,4096,2072
signal_0047.csv,4096,2073
signal_0048.csv,4096,2074
signal_0049.csv,4096,2075
signal_0050.csv,4096,2076
signal_0051.csv,4096,2077
signal_0052.csv,4096,2078
signal_0053.csv,4096,2079
signal_0054.csv,4096,2080
signal_0055.csv,4096,2081
signal_0056.csv,4096,2082
signal_0057.csv,4096,2083
signal_0058.csv,4096,2084
signal_0059.csv,4096,2085
signal_0060.csv,4096,2086
signal_0061.csv,4096,2087
signal_0062.csv,4096,2088
signal_0063.csv,4096,2089
signal_0064.csv,4096,2090
signal_0065.csv,4096,2091
signal_0066.csv,4096,2092
signal_0067.csv,4096,2093
signal_0068.csv,4096,2094
signal_0069.csv,4096,2095
signal_0070.csv,4096,2096
signal_0071.csv,4096,2097
signal_0072.csv,4096,2098
signal_0073.csv,4096,2099
signal_0074.csv,4096,2100
signal_0075.csv,4096,2101
signal_0076.csv,4096,2102
signal_0077.csv,4096,2103
signal_0078.csv,4096,2104
signal_0079.csv,4096,2105
signal_0080.csv,4096,2106
signal_0081.csv,4096,2107
signal_0082.csv,4096,2108
signal_0083.csv,4096,2109
signal_0084.csv,4096,2110
signal_0085.csv,4096,2111
signal_0086.csv,4096,2112
signal_0087.csv,4096,2113
signal_0088.csv,4096,2114
signal_0089.csv,4096,2115
signal_0090.csv,4096,2116
signal_0091.csv,4096,2117
signal_0092.csv,4096,2118
signal_0093.csv,4096,2119
signal_0094.csv,4096,2120
signal_0095.csv,4096,2121
signal_0096.csv,4096,2122
signal_0097.csv,4096,2123
signal_0098.csv,4096,2124
signal_0099.csv,4096,2125
signal_0100.csv,4096,2126
signal_0101.csv,4096,2127
signal_0102.csv,4096,2128
signal_0103.csv,4096,2129
signal_0104.csv,4096,2130
signal_0105.csv,4096,2131
signal_0106.csv,4096,2132
signal_0107.csv,4096,2133
signal_0108.csv,4096,2134
signal_0109.csv,4096,2135
signal_0110.csv,4096,2136
signal_0111.csv,4096,2137
signal_0112.csv,4096,2138
signal_0113.csv,4096,2139
signal_0114.csv,4096,2140
signal_0115.csv,4096,2141
signal_0116.csv,4096,2142
signal_0117.csv,4096,2143
signal_0118.csv,4096,2144
signal_0119.csv,4096,2145
signal_0120.csv,4096,2146
signal_0121.csv,4096,2147
signal_0122.csv,4096,2148
signal_0123.csv,4096,2149
signal_0124.csv,4096,2150
signal_0125.csv,4096,2151
signal_0126.csv,4096,2152
signal_0127.csv,4096,2153
signal_0128.csv,4096,2154
signal_0129.csv,4096,2155
signal_0130.csv,4096,2156
signal_0131.csv,4096,2157
signal_0132.csv,4096,2158
signal_0133.csv,4096,2159
signal_0134.csv,4096,2160
signal_0135.csv,4096,2161
signal_0136.csv,4096,2162
signal_0137.csv,4096,2163
signal_0138.csv,4096,2164
signal_0139.csv,4096,2165
signal_0140.csv,4096,2166
signal_0141.csv,4096,2167
signal_0142.csv,4096,2168
signal_0143.csv,4096,2169
signal_0144.csv,4096,2170
signal_0145.csv,4096,2171
signal_0146.csv,4096,2172
signal_0147.csv,4096,2173
signal_0148.csv,4096,2174
signal_0149.csv,4096,2175
signal_0150.csv,4096,2176
signal_0151.csv,4096,2177
signal_0152.csv,4096,2178
signal_0153.csv,4096,2179
signal_0154.csv,4096,2180
signal_0155.csv,4096,2181
signal_0156.csv,4096,2182
signal_0157.csv,4096,2183
signal_0158.csv,4096,2184
signal_0159.csv,4096,2185
signal_0160.csv,4096,2186
signal_0161.csv,4096,2187
signal_0162.csv,4096,2188
signal_0163.csv,4096,2189
signal_0164.csv,4096,2190
signal_0165.csv,4096,2191
signal_0166.csv,4096,2192
signal_0167.csv,4096,2193
signal_0168.csv,4096,2194
signal_0169.csv,4096,2195
signal_0170.csv,4096,2196
signal_0171.csv,4096,2197
signal_0172.csv,4096,2198
signal_0173.csv,4096,2199
signal_0174.csv,4096,2200
signal_0175.csv,4096,2201
signal_0176.csv,4096,2202
signal_0177.csv,4096,2203
signal_0178.csv,4096,2204
signal_0179.csv,4096,2205
signal_0180.csv,4096,2206
signal_0181.csv,4096,2207
signal_0182.csv,4096,2208
signal_0183.csv,4096,2209
signal_0184.csv,4096,2210
signal_0185.csv,4096,2211
signal_0186.csv,4096,2212
signal_0187.csv,4096,2213
signal_0188.csv,4096,2214
signal_0189.csv,4096,2215
signal_0190.csv,4096,2216
signal_0191.csv,4096,2217
signal_0192.csv,4096,2218
signal_0193.csv,4096,2219
signal_0194.csv,4096,2220
signal_0195.csv,4096,2221
signal_0196.csv,4096,2222
signal_0197.csv,4096,2223
signal_0198.csv,4096,2224
signal_0199.csv,4096,2225
signal_0200.csv,4096,2226
signal_0201.csv,4096,2227
signal_0202.csv,4096,2228
signal_0203.csv,4096,2229
signal_0204.csv,4096,2230
signal_0205.csv,4096,2231
signal_0206.csv,4096,2232
signal_0207.csv,4096,2233
signal_0208.csv,4096,2234
signal_0209.csv,4096,2235
signal_0210.csv,4096,2236
signal_0211.csv,4096,2237
signal_0212.csv,4096,2238
signal_0213.csv,4096,2239
signal_0214.csv,4096,2240
signal_0215.csv,4096,2241
signal_0216.csv,4096,2242
signal_0217.csv,4096,2243
signal_0218.csv,4096,2244
signal_0219.csv,4096,2245
signal_0220.csv,4096,2246
signal_0221.csv,4096,2247
signal_0222.csv,4096,2248
signal_0223.csv,4096,2249
signal_0224.csv,4096,2250
signal_0225.csv,4096,2251
signal_0226.csv,4096,2252
signal_0227.csv,4096,2253
signal_0228.csv,4096,2254
signal_0229.csv,4096,2255
signal_0230.csv,4096,2256
signal_0231.csv,4096,2257
signal_0232.csv,4096,2258
signal_0233.csv,4096,2259
signal_0234.csv,4096,2260
signal_0235.csv,4096,2261
signal_0236.csv,4096,2262
signal_0237.csv,4096,2263
signal_0238.csv,4096,2264
signal_0239.csv,4096,2265
